{"cameraMode":{"drawMode":0,"name":"Shaded","section":"Shading Mode"},"sceneLighting":true,"audioPlay":false,"sceneViewState":{"m_AlwaysRefresh":false,"showFog":true,"showSkybox":true,"showFlares":true,"showImageEffects":true,"showParticleSystems":true,"showVisualEffectGraphs":true,"m_FxEnabled":true},"in2DMode":false,"pivot":{"x":6.045025825500488,"y":-12.888063430786133,"z":-43.14340591430664},"rotation":{"x":0.0005138278938829899,"y":0.9878047108650208,"z":-0.1556732952594757,"w":0.003260567784309387},"size":40.746788024902347,"orthographic":false}